File,"File Path",Comment,"Modified Time","Changed Time","Accessed Time","Created Time",Size,"MD5 Hash","User Name"
image2.jpg,"/img_imagen.img/vol_vol3/$Recycle.Bin/S-1-5-21-92896240-835188504-1963242017-1001/$RWUQ3ZD.pdf/image2.jpg",,"0000-00-00 00:00:00","0000-00-00 00:00:00","0000-00-00 00:00:00","0000-00-00 00:00:00",477468,"45c7140b883891e01356209e4a6d6f39",Israel
image3.jpg,"/img_imagen.img/vol_vol3/$Recycle.Bin/S-1-5-21-92896240-835188504-1963242017-1001/$RWUQ3ZD.pdf/image3.jpg",,"0000-00-00 00:00:00","0000-00-00 00:00:00","0000-00-00 00:00:00","0000-00-00 00:00:00",46595,"73f45c7701d692019f41991f03f246e6",Israel
image5.jpg,"/img_imagen.img/vol_vol3/Users/Pacopepe/AppData/Local/Mozilla/Firefox/Profiles/hgxy1vr2.default-release/cache2/entries/96A7313C8873A9BEF1EBDDF027D64D9118808AAA/image5.jpg",,"0000-00-00 00:00:00","0000-00-00 00:00:00","0000-00-00 00:00:00","0000-00-00 00:00:00",10856,"b1548029fee11eb2d4d63618e3909ac3",Israel
image6.jpg,"/img_imagen.img/vol_vol3/$Recycle.Bin/S-1-5-21-92896240-835188504-1963242017-1001/$RWUQ3ZD.pdf/image6.jpg",,"0000-00-00 00:00:00","0000-00-00 00:00:00","0000-00-00 00:00:00","0000-00-00 00:00:00",15497,"aec9e3fdbfe93f868913f0fffe4b7ae5",Israel
image7.jpg,"/img_imagen.img/vol_vol3/$Recycle.Bin/S-1-5-21-92896240-835188504-1963242017-1001/$RWUQ3ZD.pdf/image7.jpg",,"0000-00-00 00:00:00","0000-00-00 00:00:00","0000-00-00 00:00:00","0000-00-00 00:00:00",10541,"2a4c0c70107bf81580cad355a2117465",Israel
image8.jpg,"/img_imagen.img/vol_vol3/Users/Pacopepe/AppData/Local/Mozilla/Firefox/Profiles/hgxy1vr2.default-release/cache2/entries/96A7313C8873A9BEF1EBDDF027D64D9118808AAA/image8.jpg",,"0000-00-00 00:00:00","0000-00-00 00:00:00","0000-00-00 00:00:00","0000-00-00 00:00:00",17962,"4abced40838476e0981b635a7884ee18",Israel
image9.jpg,"/img_imagen.img/vol_vol3/Users/Pacopepe/AppData/Local/Mozilla/Firefox/Profiles/hgxy1vr2.default-release/cache2/entries/96A7313C8873A9BEF1EBDDF027D64D9118808AAA/image9.jpg",,"0000-00-00 00:00:00","0000-00-00 00:00:00","0000-00-00 00:00:00","0000-00-00 00:00:00",15641,"9bb56294612c0784ad378ff79bfed789",Israel
image10.jpg,"/img_imagen.img/vol_vol3/Users/Pacopepe/AppData/Local/Mozilla/Firefox/Profiles/hgxy1vr2.default-release/cache2/entries/96A7313C8873A9BEF1EBDDF027D64D9118808AAA/image10.jpg",,"0000-00-00 00:00:00","0000-00-00 00:00:00","0000-00-00 00:00:00","0000-00-00 00:00:00",16575,"ea3eeb87f0a94caabe70c14981fc2f00",Israel
image11.jpg,"/img_imagen.img/vol_vol3/$Recycle.Bin/S-1-5-21-92896240-835188504-1963242017-1001/$RWUQ3ZD.pdf/image11.jpg",,"0000-00-00 00:00:00","0000-00-00 00:00:00","0000-00-00 00:00:00","0000-00-00 00:00:00",8806,"586dbdf8520cfee1e59c052c2b7218de",Israel
image12.jpg,"/img_imagen.img/vol_vol3/$Recycle.Bin/S-1-5-21-92896240-835188504-1963242017-1001/$RWUQ3ZD.pdf/image12.jpg",,"0000-00-00 00:00:00","0000-00-00 00:00:00","0000-00-00 00:00:00","0000-00-00 00:00:00",8836,"bd89b891389a160307c91d81c88f4f20",Israel
image13.jpg,"/img_imagen.img/vol_vol3/$Recycle.Bin/S-1-5-21-92896240-835188504-1963242017-1001/$RWUQ3ZD.pdf/image13.jpg",,"0000-00-00 00:00:00","0000-00-00 00:00:00","0000-00-00 00:00:00","0000-00-00 00:00:00",15007,"6811512c524e6a183c2257688c0e7a50",Israel
image17.jpg,"/img_imagen.img/vol_vol3/Users/Pacopepe/AppData/Local/Mozilla/Firefox/Profiles/hgxy1vr2.default-release/cache2/entries/96A7313C8873A9BEF1EBDDF027D64D9118808AAA/image17.jpg",,"0000-00-00 00:00:00","0000-00-00 00:00:00","0000-00-00 00:00:00","0000-00-00 00:00:00",875,"f0681435d3d2408c69ca710cd603d1da",Israel
image19.jpg,"/img_imagen.img/vol_vol3/Users/Pacopepe/AppData/Local/Mozilla/Firefox/Profiles/hgxy1vr2.default-release/cache2/entries/96A7313C8873A9BEF1EBDDF027D64D9118808AAA/image19.jpg",,"0000-00-00 00:00:00","0000-00-00 00:00:00","0000-00-00 00:00:00","0000-00-00 00:00:00",7270,"3b34cf96d56ace335ceb34cb19707624",Israel
image20.jpg,"/img_imagen.img/vol_vol3/Users/Pacopepe/AppData/Local/Mozilla/Firefox/Profiles/hgxy1vr2.default-release/cache2/entries/96A7313C8873A9BEF1EBDDF027D64D9118808AAA/image20.jpg",,"0000-00-00 00:00:00","0000-00-00 00:00:00","0000-00-00 00:00:00","0000-00-00 00:00:00",5326,"e1652949a1b90b122d279cfb8187e07e",Israel
image22.jpg,"/img_imagen.img/vol_vol3/Users/Pacopepe/AppData/Local/Mozilla/Firefox/Profiles/hgxy1vr2.default-release/cache2/entries/96A7313C8873A9BEF1EBDDF027D64D9118808AAA/image22.jpg",,"0000-00-00 00:00:00","0000-00-00 00:00:00","0000-00-00 00:00:00","0000-00-00 00:00:00",9677,"4d7cd4f252243f82ff1ab358ecd4a2b4",Israel
image23.jpg,"/img_imagen.img/vol_vol3/Users/Pacopepe/AppData/Local/Mozilla/Firefox/Profiles/hgxy1vr2.default-release/cache2/entries/96A7313C8873A9BEF1EBDDF027D64D9118808AAA/image23.jpg",,"0000-00-00 00:00:00","0000-00-00 00:00:00","0000-00-00 00:00:00","0000-00-00 00:00:00",12083,"ac79756bf1e2a49b1a04a0c061d7eab8",Israel
image24.jpg,"/img_imagen.img/vol_vol3/Users/Pacopepe/AppData/Local/Mozilla/Firefox/Profiles/hgxy1vr2.default-release/cache2/entries/96A7313C8873A9BEF1EBDDF027D64D9118808AAA/image24.jpg",,"0000-00-00 00:00:00","0000-00-00 00:00:00","0000-00-00 00:00:00","0000-00-00 00:00:00",19571,"12d1fd401c687cc9d7c51e08e1301a9d",Israel
image25.jpg,"/img_imagen.img/vol_vol3/Users/Pacopepe/AppData/Local/Mozilla/Firefox/Profiles/hgxy1vr2.default-release/cache2/entries/96A7313C8873A9BEF1EBDDF027D64D9118808AAA/image25.jpg",,"0000-00-00 00:00:00","0000-00-00 00:00:00","0000-00-00 00:00:00","0000-00-00 00:00:00",46595,"73f45c7701d692019f41991f03f246e6",Israel
image27.jpg,"/img_imagen.img/vol_vol3/Users/Pacopepe/AppData/Local/Mozilla/Firefox/Profiles/hgxy1vr2.default-release/cache2/entries/96A7313C8873A9BEF1EBDDF027D64D9118808AAA/image27.jpg",,"0000-00-00 00:00:00","0000-00-00 00:00:00","0000-00-00 00:00:00","0000-00-00 00:00:00",15497,"aec9e3fdbfe93f868913f0fffe4b7ae5",Israel
image28.jpg,"/img_imagen.img/vol_vol3/Users/Pacopepe/AppData/Local/Mozilla/Firefox/Profiles/hgxy1vr2.default-release/cache2/entries/96A7313C8873A9BEF1EBDDF027D64D9118808AAA/image28.jpg",,"0000-00-00 00:00:00","0000-00-00 00:00:00","0000-00-00 00:00:00","0000-00-00 00:00:00",10541,"2a4c0c70107bf81580cad355a2117465",Israel
image29.jpg,"/img_imagen.img/vol_vol3/Users/Pacopepe/AppData/Local/Mozilla/Firefox/Profiles/hgxy1vr2.default-release/cache2/entries/96A7313C8873A9BEF1EBDDF027D64D9118808AAA/image29.jpg",,"0000-00-00 00:00:00","0000-00-00 00:00:00","0000-00-00 00:00:00","0000-00-00 00:00:00",9978,"a6a32440f2806e0e6bafaadeeef71ccc",Israel
image30.jpg,"/img_imagen.img/vol_vol3/Users/Pacopepe/AppData/Local/Mozilla/Firefox/Profiles/hgxy1vr2.default-release/cache2/entries/96A7313C8873A9BEF1EBDDF027D64D9118808AAA/image30.jpg",,"0000-00-00 00:00:00","0000-00-00 00:00:00","0000-00-00 00:00:00","0000-00-00 00:00:00",9428,"b4ff4b17de1da2584909ee1b50700f31",Israel
image31.jpg,"/img_imagen.img/vol_vol3/Users/Pacopepe/AppData/Local/Mozilla/Firefox/Profiles/hgxy1vr2.default-release/cache2/entries/96A7313C8873A9BEF1EBDDF027D64D9118808AAA/image31.jpg",,"0000-00-00 00:00:00","0000-00-00 00:00:00","0000-00-00 00:00:00","0000-00-00 00:00:00",10762,"4035a7fbb3ed64af1df940097f81a709",Israel
image32.jpg,"/img_imagen.img/vol_vol3/Users/Pacopepe/AppData/Local/Mozilla/Firefox/Profiles/hgxy1vr2.default-release/cache2/entries/96A7313C8873A9BEF1EBDDF027D64D9118808AAA/image32.jpg",,"0000-00-00 00:00:00","0000-00-00 00:00:00","0000-00-00 00:00:00","0000-00-00 00:00:00",8806,"586dbdf8520cfee1e59c052c2b7218de",Israel
image33.jpg,"/img_imagen.img/vol_vol3/Users/Pacopepe/AppData/Local/Mozilla/Firefox/Profiles/hgxy1vr2.default-release/cache2/entries/96A7313C8873A9BEF1EBDDF027D64D9118808AAA/image33.jpg",,"0000-00-00 00:00:00","0000-00-00 00:00:00","0000-00-00 00:00:00","0000-00-00 00:00:00",8836,"bd89b891389a160307c91d81c88f4f20",Israel
image34.jpg,"/img_imagen.img/vol_vol3/Users/Pacopepe/AppData/Local/Mozilla/Firefox/Profiles/hgxy1vr2.default-release/cache2/entries/96A7313C8873A9BEF1EBDDF027D64D9118808AAA/image34.jpg",,"0000-00-00 00:00:00","0000-00-00 00:00:00","0000-00-00 00:00:00","0000-00-00 00:00:00",15007,"6811512c524e6a183c2257688c0e7a50",Israel
